Story	Column	Load	Loc	P	V2	V3	T	M2	M3
STORY2	C1	COMB1	0	-4.26	0.64	-0.39	0.011	-0.254	0.769
STORY2	C1	COMB1	1.1	-4.12	0.64	-0.39	0.011	0.177	0.064
STORY2	C1	COMB1	2.2	-3.98	0.64	-0.39	0.011	0.607	-0.642
STORY2	C1	COMB2	0	-4.01	1.25	-0.13	0.013	0.031	1.406
STORY2	C1	COMB2	1.1	-3.89	1.25	-0.13	0.013	0.173	0.025
STORY2	C1	COMB2	2.2	-3.77	1.25	-0.13	0.013	0.315	-1.355
STORY2	C1	COMB3	0	-4.16	1.21	-0.53	0.007	-0.451	1.355
STORY2	C1	COMB3	1.1	-4.05	1.21	-0.53	0.007	0.13	0.022
STORY2	C1	COMB3	2.2	-3.93	1.21	-0.53	0.007	0.71	-1.312
STORY2	C1	COMB4	0	-2.71	-0.19	-0.1	0.009	0.044	-0.134
STORY2	C1	COMB4	1.1	-2.59	-0.19	-0.1	0.009	0.152	0.076
STORY2	C1	COMB4	2.2	-2.48	-0.19	-0.1	0.009	0.261	0.285
STORY2	C1	COMB5	0	-2.87	-0.23	-0.5	0.003	-0.438	-0.184
STORY2	C1	COMB5	1.1	-2.75	-0.23	-0.5	0.003	0.109	0.072
STORY2	C1	COMB5	2.2	-2.63	-0.23	-0.5	0.003	0.656	0.327
STORY2	C1	COMB6	0	-3.37	0.8	0.35	0.018	0.598	0.925
STORY2	C1	COMB6	1.1	-3.25	0.8	0.35	0.018	0.216	0.048
STORY2	C1	COMB6	2.2	-3.14	0.8	0.35	0.018	-0.166	-0.83
STORY2	C1	COMB7	0	-2.98	0.36	0.36	0.017	0.602	0.464
STORY2	C1	COMB7	1.1	-2.87	0.36	0.36	0.017	0.21	0.063
STORY2	C1	COMB7	2.2	-2.75	0.36	0.36	0.017	-0.182	-0.338
STORY2	C1	COMB8	0	-3.89	0.66	-0.98	-0.001	-1.009	0.758
STORY2	C1	COMB8	1.1	-3.77	0.66	-0.98	-0.001	0.072	0.035
STORY2	C1	COMB8	2.2	-3.66	0.66	-0.98	-0.001	1.153	-0.689
STORY2	C1	COMB9	0	-3.5	0.22	-0.97	-0.003	-1.005	0.296
STORY2	C1	COMB9	1.1	-3.38	0.22	-0.97	-0.003	0.066	0.05
STORY2	C1	COMB9	2.2	-3.27	0.22	-0.97	-0.003	1.137	-0.197
STORY2	C1	COMB10	0	-3.33	0.41	-0.36	0.008	-0.221	0.543
STORY2	C1	COMB10	1.1	-3.21	0.46	-0.31	0.008	0.147	0.069
STORY2	C1	COMB10	2.2	-3.1	0.5	-0.27	0.008	0.47	-0.46
STORY2	C1	COMB11	0	-3.33	0.41	-0.36	0.008	-0.221	0.543
STORY2	C1	COMB11	1.1	-3.21	0.46	-0.31	0.008	0.147	0.069
STORY2	C1	COMB11	2.2	-3.1	0.5	-0.27	0.008	0.47	-0.46
STORY2	C1	COMB12	0	-3.36	0.56	-0.24	0.008	-0.159	0.63
STORY2	C1	COMB12	1.1	-3.24	0.51	-0.28	0.008	0.128	0.037
STORY2	C1	COMB12	2.2	-3.13	0.47	-0.32	0.008	0.46	-0.502
STORY2	C1	COMB13	0	-3.37	0.56	-0.35	0.008	-0.228	0.627
STORY2	C1	COMB13	1.1	-3.25	0.51	-0.33	0.008	0.142	0.038
STORY2	C1	COMB13	2.2	-3.13	0.46	-0.3	0.008	0.488	-0.498
STORY1	C1	COMB1	0	-7.82	0.11	0.02	0.001	0.016	0.086
STORY1	C1	COMB1	1.375	-7.65	0.11	0.02	0.001	-0.007	-0.071
STORY1	C1	COMB1	2.75	-7.48	0.11	0.02	0.001	-0.03	-0.228
STORY1	C1	COMB2	0	-7.1	1.12	0.34	0.001	0.537	1.8
STORY1	C1	COMB2	1.375	-6.95	1.12	0.34	0.001	0.074	0.265
STORY1	C1	COMB2	2.75	-6.81	1.12	0.34	0.001	-0.389	-1.271
STORY1	C1	COMB3	0	-8.77	1.11	-0.33	-0.001	-0.532	1.789
STORY1	C1	COMB3	1.375	-8.62	1.11	-0.33	-0.001	-0.085	0.257
STORY1	C1	COMB3	2.75	-8.48	1.11	-0.33	-0.001	0.362	-1.276
STORY1	C1	COMB4	0	-3.9	-0.93	0.36	0.003	0.562	-1.651
STORY1	C1	COMB4	1.375	-3.76	-0.93	0.36	0.003	0.073	-0.366
STORY1	C1	COMB4	2.75	-3.61	-0.93	0.36	0.003	-0.415	0.918
STORY1	C1	COMB5	0	-5.57	-0.94	-0.31	0.001	-0.507	-1.662
STORY1	C1	COMB5	1.375	-5.43	-0.94	-0.31	0.001	-0.085	-0.374
STORY1	C1	COMB5	2.75	-5.28	-0.94	-0.31	0.001	0.336	0.913
STORY1	C1	COMB6	0	-4.03	0.4	1.12	0.003	1.792	0.605
STORY1	C1	COMB6	1.375	-3.89	0.4	1.12	0.003	0.259	0.053
STORY1	C1	COMB6	2.75	-3.74	0.4	1.12	0.003	-1.274	-0.499
STORY1	C1	COMB7	0	-3.08	-0.21	1.12	0.004	1.8	-0.43
STORY1	C1	COMB7	1.375	-2.93	-0.21	1.12	0.004	0.259	-0.136
STORY1	C1	COMB7	2.75	-2.78	-0.21	1.12	0.004	-1.282	0.157
STORY1	C1	COMB8	0	-9.6	0.39	-1.09	-0.003	-1.77	0.569
STORY1	C1	COMB8	1.375	-9.45	0.39	-1.09	-0.003	-0.27	0.027
STORY1	C1	COMB8	2.75	-9.3	0.39	-1.09	-0.003	1.229	-0.515
STORY1	C1	COMB9	0	-8.64	-0.22	-1.09	-0.002	-1.762	-0.466
STORY1	C1	COMB9	1.375	-8.49	-0.22	-1.09	-0.002	-0.271	-0.163
STORY1	C1	COMB9	2.75	-8.35	-0.22	-1.09	-0.002	1.221	0.141
STORY1	C1	COMB10	0	-6.16	-0.01	-0.05	0	-0.022	-0.066
STORY1	C1	COMB10	1.375	-6.02	0.01	0	0	0.008	-0.073
STORY1	C1	COMB10	2.75	-5.87	0.03	0.06	0	-0.033	-0.105
STORY1	C1	COMB11	0	-6.16	-0.01	-0.05	0	-0.022	-0.066
STORY1	C1	COMB11	1.375	-6.02	0.01	0	0	0.008	-0.073
STORY1	C1	COMB11	2.75	-5.87	0.03	0.06	0	-0.033	-0.105
STORY1	C1	COMB12	0	-6.19	0.11	0.11	0.001	0.106	0.084
STORY1	C1	COMB12	1.375	-6.04	0.09	0.06	0.001	-0.011	-0.059
STORY1	C1	COMB12	2.75	-5.89	0.08	0.01	0.001	-0.057	-0.176
STORY1	C1	COMB13	0	-6.34	0.11	-0.05	0	-0.062	0.076
STORY1	C1	COMB13	1.375	-6.2	0.09	-0.03	0	-0.007	-0.061
STORY1	C1	COMB13	2.75	-6.05	0.07	0	0	0.012	-0.172
STORY2	C2	COMB1	0	-2.64	-0.43	-0.19	0.011	-0.176	-0.419
STORY2	C2	COMB1	1.1	-2.51	-0.43	-0.19	0.011	0.029	0.054
STORY2	C2	COMB1	2.2	-2.37	-0.43	-0.19	0.011	0.235	0.526
STORY2	C2	COMB2	0	-1.45	0.59	0.05	0.014	0.102	0.845
STORY2	C2	COMB2	1.1	-1.33	0.59	0.05	0.014	0.045	0.193
STORY2	C2	COMB2	2.2	-1.22	0.59	0.05	0.014	-0.013	-0.458
STORY2	C2	COMB3	0	-1.82	0.53	-0.35	0.007	-0.373	0.763
STORY2	C2	COMB3	1.1	-1.7	0.53	-0.35	0.007	0.009	0.182
STORY2	C2	COMB3	2.2	-1.59	0.53	-0.35	0.007	0.391	-0.399
STORY2	C2	COMB4	0	-2.49	-1.21	0.06	0.01	0.104	-1.425
STORY2	C2	COMB4	1.1	-2.37	-1.21	0.06	0.01	0.043	-0.097
STORY2	C2	COMB4	2.2	-2.26	-1.21	0.06	0.01	-0.018	1.231
STORY2	C2	COMB5	0	-2.86	-1.27	-0.34	0.003	-0.371	-1.507
STORY2	C2	COMB5	1.1	-2.74	-1.27	-0.34	0.003	0.007	-0.109
STORY2	C2	COMB5	2.2	-2.63	-1.27	-0.34	0.003	0.386	1.29
STORY2	C2	COMB6	0	-1.38	0.04	0.52	0.02	0.658	0.146
STORY2	C2	COMB6	1.1	-1.27	0.04	0.52	0.02	0.086	0.105
STORY2	C2	COMB6	2.2	-1.15	0.04	0.52	0.02	-0.487	0.065
STORY2	C2	COMB7	0	-1.7	-0.5	0.52	0.019	0.659	-0.535
STORY2	C2	COMB7	1.1	-1.58	-0.5	0.52	0.019	0.085	0.018
STORY2	C2	COMB7	2.2	-1.46	-0.5	0.52	0.019	-0.488	0.572
STORY2	C2	COMB8	0	-2.61	-0.18	-0.81	-0.001	-0.928	-0.127
STORY2	C2	COMB8	1.1	-2.5	-0.18	-0.81	-0.001	-0.033	0.066
STORY2	C2	COMB8	2.2	-2.38	-0.18	-0.81	-0.001	0.861	0.26
STORY2	C2	COMB9	0	-2.93	-0.72	-0.81	-0.003	-0.927	-0.808
STORY2	C2	COMB9	1.1	-2.81	-0.72	-0.81	-0.003	-0.034	-0.021
STORY2	C2	COMB9	2.2	-2.69	-0.72	-0.81	-0.003	0.86	0.767
STORY2	C2	COMB10	0	-2.13	-0.4	-0.19	0.008	-0.156	-0.399
STORY2	C2	COMB10	1.1	-2.01	-0.39	-0.15	0.008	0.034	0.035
STORY2	C2	COMB10	2.2	-1.9	-0.37	-0.11	0.008	0.178	0.451
STORY2	C2	COMB11	0	-2.13	-0.4	-0.19	0.008	-0.156	-0.399
STORY2	C2	COMB11	1.1	-2.01	-0.39	-0.15	0.008	0.034	0.035
STORY2	C2	COMB11	2.2	-1.9	-0.37	-0.11	0.008	0.178	0.451
STORY2	C2	COMB12	0	-2.11	-0.37	-0.08	0.009	-0.089	-0.343
STORY2	C2	COMB12	1.1	-1.99	-0.34	-0.12	0.009	0.017	0.049
STORY2	C2	COMB12	2.2	-1.87	-0.31	-0.16	0.009	0.168	0.404
STORY2	C2	COMB13	0	-2.13	-0.38	-0.18	0.008	-0.162	-0.349
STORY2	C2	COMB13	1.1	-2.01	-0.34	-0.16	0.008	0.029	0.048
STORY2	C2	COMB13	2.2	-1.89	-0.31	-0.14	0.008	0.196	0.409
STORY1	C2	COMB1	0	-7.22	-0.13	-0.02	0.001	-0.023	-0.161
STORY1	C2	COMB1	1.375	-7.05	-0.13	-0.02	0.001	0.005	0.017
STORY1	C2	COMB1	2.75	-6.88	-0.13	-0.02	0.001	0.033	0.195
STORY1	C2	COMB2	0	-4.42	1.1	0.32	0	0.521	1.788
STORY1	C2	COMB2	1.375	-4.28	1.1	0.32	0	0.079	0.269
STORY1	C2	COMB2	2.75	-4.13	1.1	0.32	0	-0.364	-1.25
STORY1	C2	COMB3	0	-6.32	1.09	-0.34	-0.002	-0.545	1.765
STORY1	C2	COMB3	1.375	-6.18	1.09	-0.34	-0.002	-0.073	0.265
STORY1	C2	COMB3	2.75	-6.03	1.09	-0.34	-0.002	0.4	-1.235
STORY1	C2	COMB4	0	-5.24	-1.29	0.32	0.003	0.515	-2.015
STORY1	C2	COMB4	1.375	-5.09	-1.29	0.32	0.003	0.079	-0.235
STORY1	C2	COMB4	2.75	-4.94	-1.29	0.32	0.003	-0.357	1.545
STORY1	C2	COMB5	0	-7.13	-1.31	-0.35	0.001	-0.552	-2.037
STORY1	C2	COMB5	1.375	-6.99	-1.31	-0.35	0.001	-0.072	-0.239
STORY1	C2	COMB5	2.75	-6.84	-1.31	-0.35	0.001	0.407	1.56
STORY1	C2	COMB6	0	-2.49	0.28	1.1	0.003	1.764	0.483
STORY1	C2	COMB6	1.375	-2.35	0.28	1.1	0.003	0.255	0.097
STORY1	C2	COMB6	2.75	-2.2	0.28	1.1	0.003	-1.253	-0.289
STORY1	C2	COMB7	0	-2.73	-0.44	1.1	0.004	1.762	-0.658
STORY1	C2	COMB7	1.375	-2.59	-0.44	1.1	0.004	0.256	-0.054
STORY1	C2	COMB7	2.75	-2.44	-0.44	1.1	0.004	-1.251	0.55
STORY1	C2	COMB8	0	-8.82	0.24	-1.12	-0.003	-1.792	0.408
STORY1	C2	COMB8	1.375	-8.68	0.24	-1.12	-0.003	-0.249	0.084
STORY1	C2	COMB8	2.75	-8.53	0.24	-1.12	-0.003	1.294	-0.24
STORY1	C2	COMB9	0	-9.07	-0.48	-1.12	-0.002	-1.794	-0.733
STORY1	C2	COMB9	1.375	-8.92	-0.48	-1.12	-0.002	-0.249	-0.067
STORY1	C2	COMB9	2.75	-8.78	-0.48	-1.12	-0.002	1.296	0.598
STORY1	C2	COMB10	0	-5.71	-0.19	-0.12	0	-0.068	-0.265
STORY1	C2	COMB10	1.375	-5.57	-0.19	-0.02	0	0.029	-0.003
STORY1	C2	COMB10	2.75	-5.42	-0.19	0.07	0	0	0.26
STORY1	C2	COMB11	0	-5.71	-0.19	-0.12	0	-0.068	-0.265
STORY1	C2	COMB11	1.375	-5.57	-0.19	-0.02	0	0.029	-0.003
STORY1	C2	COMB11	2.75	-5.42	-0.19	0.07	0	0	0.26
STORY1	C2	COMB12	0	-5.67	-0.1	0.13	0.001	0.098	-0.12
STORY1	C2	COMB12	1.375	-5.52	-0.1	0.04	0.001	-0.014	0.016
STORY1	C2	COMB12	2.75	-5.38	-0.1	-0.06	0.001	0	0.151
STORY1	C2	COMB13	0	-5.81	-0.1	-0.1	0	-0.101	-0.13
STORY1	C2	COMB13	1.375	-5.67	-0.1	-0.06	0	0.008	0.014
STORY1	C2	COMB13	2.75	-5.52	-0.1	-0.01	0	0.054	0.158
STORY1	C3	COMB1	0	-3.16	-0.1	-0.2	0	-0.203	-0.131
STORY1	C3	COMB1	1.375	-2.99	-0.1	-0.2	0	0.068	0.007
STORY1	C3	COMB1	2.75	-2.81	-0.1	-0.2	0	0.34	0.145
STORY1	C3	COMB2	0	-1.11	1.11	0.18	0	0.382	1.797
STORY1	C3	COMB2	1.375	-0.96	1.11	0.18	0	0.129	0.265
STORY1	C3	COMB2	2.75	-0.82	1.11	0.18	0	-0.124	-1.267
STORY1	C3	COMB3	0	-1.56	1.09	-0.45	-0.003	-0.647	1.764
STORY1	C3	COMB3	1.375	-1.41	1.09	-0.45	-0.003	-0.029	0.265
STORY1	C3	COMB3	2.75	-1.27	1.09	-0.45	-0.003	0.589	-1.235
STORY1	C3	COMB4	0	-3.43	-1.24	0.14	0.003	0.33	-1.954
STORY1	C3	COMB4	1.375	-3.29	-1.24	0.14	0.003	0.136	-0.256
STORY1	C3	COMB4	2.75	-3.14	-1.24	0.14	0.003	-0.057	1.442
STORY1	C3	COMB5	0	-3.88	-1.26	-0.49	0.001	-0.699	-1.987
STORY1	C3	COMB5	1.375	-3.73	-1.26	-0.49	0.001	-0.022	-0.256
STORY1	C3	COMB5	2.75	-3.59	-1.26	-0.49	0.001	0.656	1.474
STORY1	C3	COMB6	0	-1.4	0.32	0.91	0.003	1.565	0.522
STORY1	C3	COMB6	1.375	-1.26	0.32	0.91	0.003	0.316	0.083
STORY1	C3	COMB6	2.75	-1.11	0.32	0.91	0.003	-0.933	-0.356
STORY1	C3	COMB7	0	-2.1	-0.39	0.9	0.004	1.549	-0.603
STORY1	C3	COMB7	1.375	-1.95	-0.39	0.9	0.004	0.318	-0.073
STORY1	C3	COMB7	2.75	-1.81	-0.39	0.9	0.004	-0.913	0.457
STORY1	C3	COMB8	0	-2.89	0.24	-1.2	-0.004	-1.866	0.413
STORY1	C3	COMB8	1.375	-2.75	0.24	-1.2	-0.004	-0.211	0.082
STORY1	C3	COMB8	2.75	-2.6	0.24	-1.2	-0.004	1.444	-0.249
STORY1	C3	COMB9	0	-3.59	-0.46	-1.22	-0.003	-1.881	-0.712
STORY1	C3	COMB9	1.375	-3.44	-0.46	-1.22	-0.003	-0.209	-0.074
STORY1	C3	COMB9	2.75	-3.3	-0.46	-1.22	-0.003	1.464	0.563
STORY1	C3	COMB10	0	-2.53	-0.18	-0.2	0	-0.175	-0.245
STORY1	C3	COMB10	1.375	-2.38	-0.16	-0.16	0	0.066	-0.008
STORY1	C3	COMB10	2.75	-2.24	-0.13	-0.12	0	0.253	0.193
STORY1	C3	COMB11	0	-2.53	-0.18	-0.2	0	-0.175	-0.245
STORY1	C3	COMB11	1.375	-2.38	-0.16	-0.16	0	0.066	-0.008
STORY1	C3	COMB11	2.75	-2.24	-0.13	-0.12	0	0.253	0.193
STORY1	C3	COMB12	0	-2.43	-0.13	-0.07	0.001	-0.075	-0.12
STORY1	C3	COMB12	1.375	-2.28	-0.08	-0.11	0.001	0.049	0.019
STORY1	C3	COMB12	2.75	-2.14	-0.02	-0.15	0.001	0.229	0.089
STORY1	C3	COMB13	0	-2.47	-0.13	-0.21	0	-0.223	-0.131
STORY1	C3	COMB13	1.375	-2.33	-0.08	-0.19	0	0.05	0.018
STORY1	C3	COMB13	2.75	-2.18	-0.03	-0.17	0	0.296	0.097
STORY1	C4	COMB1	0	-3.04	0.19	0.02	0.001	0.023	0.164
STORY1	C4	COMB1	1.375	-2.87	0.19	0.02	0.001	-0.009	-0.1
STORY1	C4	COMB1	2.75	-2.7	0.19	0.02	0.001	-0.041	-0.364
STORY1	C4	COMB2	0	-3.67	1.28	0.4	0	0.597	1.966
STORY1	C4	COMB2	1.375	-3.53	1.28	0.4	0	0.052	0.204
STORY1	C4	COMB2	2.75	-3.38	1.28	0.4	0	-0.493	-1.557
STORY1	C4	COMB3	0	-2.59	1.27	-0.36	-0.002	-0.564	1.949
STORY1	C4	COMB3	1.375	-2.45	1.27	-0.36	-0.002	-0.073	0.201
STORY1	C4	COMB3	2.75	-2.3	1.27	-0.36	-0.002	0.418	-1.546
STORY1	C4	COMB4	0	-1.98	-0.99	0.4	0.002	0.606	-1.705
STORY1	C4	COMB4	1.375	-1.84	-0.99	0.4	0.002	0.058	-0.351
STORY1	C4	COMB4	2.75	-1.69	-0.99	0.4	0.002	-0.49	1.004
STORY1	C4	COMB5	0	-0.9	-0.99	-0.35	0.001	-0.555	-1.722
STORY1	C4	COMB5	1.375	-0.75	-0.99	-0.35	0.001	-0.068	-0.354
STORY1	C4	COMB5	2.75	-0.61	-0.99	-0.35	0.001	0.42	1.014
STORY1	C4	COMB6	0	-4.35	0.5	1.28	0.003	1.955	0.7
STORY1	C4	COMB6	1.375	-4.2	0.5	1.28	0.003	0.2	0.013
STORY1	C4	COMB6	2.75	-4.06	0.5	1.28	0.003	-1.554	-0.673
STORY1	C4	COMB7	0	-3.84	-0.18	1.28	0.004	1.958	-0.401
STORY1	C4	COMB7	1.375	-3.69	-0.18	1.28	0.004	0.202	-0.153
STORY1	C4	COMB7	2.75	-3.55	-0.18	1.28	0.004	-1.554	0.095
STORY1	C4	COMB8	0	-0.73	0.47	-1.24	-0.003	-1.916	0.645
STORY1	C4	COMB8	1.375	-0.59	0.47	-1.24	-0.003	-0.218	0.004
STORY1	C4	COMB8	2.75	-0.44	0.47	-1.24	-0.003	1.481	-0.638
STORY1	C4	COMB9	0	-0.23	-0.21	-1.23	-0.002	-1.913	-0.456
STORY1	C4	COMB9	1.375	-0.08	-0.21	-1.23	-0.002	-0.216	-0.163
STORY1	C4	COMB9	2.75	0.06	-0.21	-1.23	-0.002	1.481	0.131
STORY1	C4	COMB10	0	-2.26	0	0.02	0	0.013	-0.039
STORY1	C4	COMB10	1.375	-2.11	0.06	0.02	0	-0.008	-0.08
STORY1	C4	COMB10	2.75	-1.97	0.11	0.02	0	-0.03	-0.191
STORY1	C4	COMB11	0	-2.26	0	0.02	0	0.013	-0.039
STORY1	C4	COMB11	1.375	-2.11	0.06	0.02	0	-0.008	-0.08
STORY1	C4	COMB11	2.75	-1.97	0.11	0.02	0	-0.03	-0.191
STORY1	C4	COMB12	0	-2.35	0.2	0.06	0.001	0.087	0.157
STORY1	C4	COMB12	1.375	-2.2	0.15	0.06	0.001	0	-0.089
STORY1	C4	COMB12	2.75	-2.06	0.1	0.06	0.001	-0.087	-0.265
STORY1	C4	COMB13	0	-2.24	0.2	-0.02	0	-0.045	0.15
STORY1	C4	COMB13	1.375	-2.1	0.15	-0.02	0	-0.015	-0.09
STORY1	C4	COMB13	2.75	-1.95	0.1	-0.02	0	0.016	-0.26
STORY1	C5	COMB1	0	-9.52	-0.17	-0.06	0	-0.065	-0.202
STORY1	C5	COMB1	1.375	-9.35	-0.17	-0.06	0	0.02	0.031
STORY1	C5	COMB1	2.75	-9.18	-0.17	-0.06	0	0.106	0.264
STORY1	C5	COMB2	0	-6.83	1.1	0.33	0	0.53	1.78
STORY1	C5	COMB2	1.375	-6.68	1.1	0.33	0	0.076	0.271
STORY1	C5	COMB2	2.75	-6.54	1.1	0.33	0	-0.378	-1.238
STORY1	C5	COMB3	0	-6.07	1.09	-0.42	-0.002	-0.618	1.761
STORY1	C5	COMB3	1.375	-5.92	1.09	-0.42	-0.002	-0.046	0.269
STORY1	C5	COMB3	2.75	-5.78	1.09	-0.42	-0.002	0.525	-1.223
STORY1	C5	COMB4	0	-8.32	-1.34	0.32	0.002	0.521	-2.063
STORY1	C5	COMB4	1.375	-8.18	-1.34	0.32	0.002	0.077	-0.222
STORY1	C5	COMB4	2.75	-8.03	-1.34	0.32	0.002	-0.367	1.619
STORY1	C5	COMB5	0	-7.56	-1.35	-0.42	0.001	-0.627	-2.082
STORY1	C5	COMB5	1.375	-7.41	-1.35	-0.42	0.001	-0.045	-0.224
STORY1	C5	COMB5	2.75	-7.27	-1.35	-0.42	0.001	0.536	1.634
STORY1	C5	COMB6	0	-8.24	0.26	1.2	0.003	1.866	0.457
STORY1	C5	COMB6	1.375	-8.1	0.26	1.2	0.003	0.219	0.101
STORY1	C5	COMB6	2.75	-7.95	0.26	1.2	0.003	-1.428	-0.255
STORY1	C5	COMB7	0	-8.69	-0.47	1.2	0.004	1.863	-0.696
STORY1	C5	COMB7	1.375	-8.55	-0.47	1.2	0.004	0.219	-0.047
STORY1	C5	COMB7	2.75	-8.4	-0.47	1.2	0.004	-1.425	0.602
STORY1	C5	COMB8	0	-5.7	0.22	-1.29	-0.003	-1.96	0.394
STORY1	C5	COMB8	1.375	-5.55	0.22	-1.29	-0.003	-0.188	0.094
STORY1	C5	COMB8	2.75	-5.41	0.22	-1.29	-0.003	1.583	-0.206
STORY1	C5	COMB9	0	-6.15	-0.51	-1.29	-0.002	-1.962	-0.759
STORY1	C5	COMB9	1.375	-6	-0.51	-1.29	-0.002	-0.188	-0.054
STORY1	C5	COMB9	2.75	-5.86	-0.51	-1.29	-0.002	1.587	0.651
STORY1	C5	COMB10	0	-7.17	-0.21	-0.04	0	-0.046	-0.288
STORY1	C5	COMB10	1.375	-7.02	-0.21	-0.04	0	0.015	0.007
STORY1	C5	COMB10	2.75	-6.88	-0.21	-0.04	0	0.076	0.302
STORY1	C5	COMB11	0	-7.17	-0.21	-0.04	0	-0.046	-0.288
STORY1	C5	COMB11	1.375	-7.02	-0.21	-0.04	0	0.015	0.007
STORY1	C5	COMB11	2.75	-6.88	-0.21	-0.04	0	0.076	0.302
STORY1	C5	COMB12	0	-7.13	-0.13	0	0.001	0.015	-0.149
STORY1	C5	COMB12	1.375	-6.98	-0.13	0	0.001	0.022	0.025
STORY1	C5	COMB12	2.75	-6.83	-0.13	0	0.001	0.028	0.198
STORY1	C5	COMB13	0	-7.08	-0.13	-0.09	0	-0.11	-0.156
STORY1	C5	COMB13	1.375	-6.94	-0.13	-0.09	0	0.008	0.024
STORY1	C5	COMB13	2.75	-6.79	-0.13	-0.09	0	0.126	0.203
STORY1	C8	COMB1	0	-12.07	0.25	-0.21	0.001	-0.215	0.218
STORY1	C8	COMB1	1.375	-11.9	0.25	-0.21	0.001	0.077	-0.121
STORY1	C8	COMB1	2.75	-11.73	0.25	-0.21	0.001	0.369	-0.461
STORY1	C8	COMB2	0	-10.81	1.3	0.17	0	0.366	1.981
STORY1	C8	COMB2	1.375	-10.66	1.3	0.17	0	0.136	0.199
STORY1	C8	COMB2	2.75	-10.51	1.3	0.17	0	-0.095	-1.584
STORY1	C8	COMB3	0	-11.14	1.29	-0.56	-0.001	-0.766	1.97
STORY1	C8	COMB3	1.375	-11	1.29	-0.56	-0.001	0	0.199
STORY1	C8	COMB3	2.75	-10.85	1.29	-0.56	-0.001	0.766	-1.572
STORY1	C8	COMB4	0	-7.58	-0.93	0.22	0.002	0.427	-1.655
STORY1	C8	COMB4	1.375	-7.43	-0.93	0.22	0.002	0.122	-0.376
STORY1	C8	COMB4	2.75	-7.29	-0.93	0.22	0.002	-0.182	0.902
STORY1	C8	COMB5	0	-7.91	-0.94	-0.5	0.001	-0.706	-1.666
STORY1	C8	COMB5	1.375	-7.77	-0.94	-0.5	0.001	-0.013	-0.376
STORY1	C8	COMB5	2.75	-7.62	-0.94	-0.5	0.001	0.679	0.914
STORY1	C8	COMB6	0	-9.28	0.53	1.03	0.003	1.709	0.721
STORY1	C8	COMB6	1.375	-9.14	0.53	1.03	0.003	0.289	-0.003
STORY1	C8	COMB6	2.75	-8.99	0.53	1.03	0.003	-1.13	-0.727
STORY1	C8	COMB7	0	-8.32	-0.14	1.05	0.004	1.727	-0.37
STORY1	C8	COMB7	1.375	-8.17	-0.14	1.05	0.004	0.286	-0.176
STORY1	C8	COMB7	2.75	-8.02	-0.14	1.05	0.004	-1.156	0.018
STORY1	C8	COMB8	0	-10.4	0.5	-1.38	-0.003	-2.067	0.684
STORY1	C8	COMB8	1.375	-10.26	0.5	-1.38	-0.003	-0.163	-0.002
STORY1	C8	COMB8	2.75	-10.11	0.5	-1.38	-0.003	1.74	-0.688
STORY1	C8	COMB9	0	-9.43	-0.17	-1.37	-0.002	-2.049	-0.406
STORY1	C8	COMB9	1.375	-9.29	-0.17	-1.37	-0.002	-0.167	-0.174
STORY1	C8	COMB9	2.75	-9.14	-0.17	-1.37	-0.002	1.714	0.058
STORY1	C8	COMB10	0	-9.14	0.03	-0.17	0	-0.172	-0.006
STORY1	C8	COMB10	1.375	-8.99	0.09	-0.17	0	0.058	-0.089
STORY1	C8	COMB10	2.75	-8.85	0.16	-0.17	0	0.289	-0.264
STORY1	C8	COMB11	0	-9.14	0.03	-0.17	0	-0.172	-0.006
STORY1	C8	COMB11	1.375	-8.99	0.09	-0.17	0	0.058	-0.089
STORY1	C8	COMB11	2.75	-8.85	0.16	-0.17	0	0.289	-0.264
STORY1	C8	COMB12	0	-9.2	0.26	-0.12	0.001	-0.101	0.198
STORY1	C8	COMB12	1.375	-9.05	0.19	-0.12	0.001	0.068	-0.107
STORY1	C8	COMB12	2.75	-8.91	0.12	-0.12	0.001	0.236	-0.322
STORY1	C8	COMB13	0	-9.22	0.25	-0.21	0	-0.231	0.195
STORY1	C8	COMB13	1.375	-9.08	0.19	-0.21	0	0.052	-0.108
STORY1	C8	COMB13	2.75	-8.93	0.12	-0.21	0	0.335	-0.319
STORY1	C9	COMB1	0	-7.44	0.38	0.13	0	0.128	0.355
STORY1	C9	COMB1	1.375	-7.26	0.38	0.13	0	-0.047	-0.173
STORY1	C9	COMB1	2.75	-7.09	0.38	0.13	0	-0.221	-0.701
STORY1	C9	COMB2	0	-6.65	1.24	0.48	0	0.685	1.923
STORY1	C9	COMB2	1.375	-6.51	1.24	0.48	0	0.021	0.219
STORY1	C9	COMB2	2.75	-6.36	1.24	0.48	0	-0.643	-1.486
STORY1	C9	COMB3	0	-6.48	1.24	-0.26	-0.002	-0.47	1.927
STORY1	C9	COMB3	1.375	-6.34	1.24	-0.26	-0.002	-0.107	0.219
STORY1	C9	COMB3	2.75	-6.19	1.24	-0.26	-0.002	0.257	-1.488
STORY1	C9	COMB4	0	-4.91	-0.68	0.46	0.002	0.672	-1.406
STORY1	C9	COMB4	1.375	-4.77	-0.68	0.46	0.002	0.034	-0.474
STORY1	C9	COMB4	2.75	-4.62	-0.68	0.46	0.002	-0.604	0.458
STORY1	C9	COMB5	0	-4.74	-0.68	-0.28	0.001	-0.483	-1.402
STORY1	C9	COMB5	1.375	-4.6	-0.68	-0.28	0.001	-0.094	-0.473
STORY1	C9	COMB5	2.75	-4.45	-0.68	-0.28	0.001	0.295	0.456
STORY1	C9	COMB6	0	-6.24	0.57	1.35	0.003	2.028	0.753
STORY1	C9	COMB6	1.375	-6.09	0.57	1.35	0.003	0.175	-0.025
STORY1	C9	COMB6	2.75	-5.95	0.57	1.35	0.003	-1.679	-0.803
STORY1	C9	COMB7	0	-5.72	-0.01	1.34	0.003	2.024	-0.245
STORY1	C9	COMB7	1.375	-5.57	-0.01	1.34	0.003	0.178	-0.232
STORY1	C9	COMB7	2.75	-5.43	-0.01	1.34	0.003	-1.667	-0.219
STORY1	C9	COMB8	0	-5.68	0.57	-1.14	-0.003	-1.822	0.766
STORY1	C9	COMB8	1.375	-5.53	0.57	-1.14	-0.003	-0.251	-0.022
STORY1	C9	COMB8	2.75	-5.39	0.57	-1.14	-0.003	1.319	-0.81
STORY1	C9	COMB9	0	-5.15	0	-1.15	-0.002	-1.826	-0.233
STORY1	C9	COMB9	1.375	-5.01	0	-1.15	-0.002	-0.248	-0.23
STORY1	C9	COMB9	2.75	-4.86	0	-1.15	-0.002	1.331	-0.227
STORY1	C9	COMB10	0	-5.59	0.14	0.09	0	0.091	0.107
STORY1	C9	COMB10	1.375	-5.45	0.21	0.09	0	-0.036	-0.129
STORY1	C9	COMB10	2.75	-5.3	0.27	0.09	0	-0.163	-0.457
STORY1	C9	COMB11	0	-5.59	0.14	0.09	0	0.091	0.107
STORY1	C9	COMB11	1.375	-5.45	0.21	0.09	0	-0.036	-0.129
STORY1	C9	COMB11	2.75	-5.3	0.27	0.09	0	-0.163	-0.457
STORY1	C9	COMB12	0	-5.64	0.36	0.14	0.001	0.164	0.301
STORY1	C9	COMB12	1.375	-5.49	0.29	0.14	0.001	-0.028	-0.147
STORY1	C9	COMB12	2.75	-5.35	0.23	0.14	0.001	-0.221	-0.504
STORY1	C9	COMB13	0	-5.64	0.36	0.06	0	0.033	0.302
STORY1	C9	COMB13	1.375	-5.49	0.29	0.06	0	-0.043	-0.147
STORY1	C9	COMB13	2.75	-5.35	0.23	0.06	0	-0.119	-0.505
STORY2	C10	COMB1	0	-3.91	0.71	0.44	0.011	0.317	0.952
STORY2	C10	COMB1	1.1	-3.77	0.71	0.44	0.011	-0.169	0.167
STORY2	C10	COMB1	2.2	-3.64	0.71	0.44	0.011	-0.654	-0.618
STORY2	C10	COMB2	0	-3.89	1.25	0.61	0.014	0.568	1.486
STORY2	C10	COMB2	1.1	-3.78	1.25	0.61	0.014	-0.104	0.111
STORY2	C10	COMB2	2.2	-3.66	1.25	0.61	0.014	-0.775	-1.263
STORY2	C10	COMB3	0	-3.66	1.29	0.14	0.009	-0.02	1.543
STORY2	C10	COMB3	1.1	-3.55	1.29	0.14	0.009	-0.176	0.122
STORY2	C10	COMB3	2.2	-3.43	1.29	0.14	0.009	-0.332	-1.299
STORY2	C10	COMB4	0	-2.65	-0.18	0.56	0.008	0.522	-0.08
STORY2	C10	COMB4	1.1	-2.54	-0.18	0.56	0.008	-0.089	0.117
STORY2	C10	COMB4	2.2	-2.42	-0.18	0.56	0.008	-0.7	0.315
STORY2	C10	COMB5	0	-2.42	-0.14	0.09	0.003	-0.065	-0.022
STORY2	C10	COMB5	1.1	-2.31	-0.14	0.09	0.003	-0.161	0.128
STORY2	C10	COMB5	2.2	-2.19	-0.14	0.09	0.003	-0.256	0.278
STORY2	C10	COMB6	0	-3.72	0.7	1.14	0.019	1.237	0.87
STORY2	C10	COMB6	1.1	-3.61	0.7	1.14	0.019	-0.015	0.101
STORY2	C10	COMB6	2.2	-3.49	0.7	1.14	0.019	-1.267	-0.668
STORY2	C10	COMB7	0	-3.35	0.27	1.12	0.017	1.223	0.401
STORY2	C10	COMB7	1.1	-3.24	0.27	1.12	0.017	-0.01	0.103
STORY2	C10	COMB7	2.2	-3.12	0.27	1.12	0.017	-1.244	-0.195
STORY2	C10	COMB8	0	-2.96	0.84	-0.42	0	-0.721	1.063
STORY2	C10	COMB8	1.1	-2.85	0.84	-0.42	0	-0.254	0.137
STORY2	C10	COMB8	2.2	-2.73	0.84	-0.42	0	0.212	-0.79
STORY2	C10	COMB9	0	-2.59	0.41	-0.44	-0.002	-0.735	0.593
STORY2	C10	COMB9	1.1	-2.48	0.41	-0.44	-0.002	-0.25	0.138
STORY2	C10	COMB9	2.2	-2.36	0.41	-0.44	-0.002	0.235	-0.316
STORY2	C10	COMB10	0	-3.06	0.45	0.39	0.008	0.265	0.654
STORY2	C10	COMB10	1.1	-2.94	0.5	0.35	0.008	-0.14	0.132
STORY2	C10	COMB10	2.2	-2.83	0.54	0.31	0.008	-0.498	-0.44
STORY2	C10	COMB11	0	-3.06	0.45	0.39	0.008	0.265	0.654
STORY2	C10	COMB11	1.1	-2.94	0.5	0.35	0.008	-0.14	0.132
STORY2	C10	COMB11	2.2	-2.83	0.54	0.31	0.008	-0.498	-0.44
STORY2	C10	COMB12	0	-3.1	0.6	0.38	0.009	0.279	0.746
STORY2	C10	COMB12	1.1	-2.98	0.56	0.36	0.009	-0.132	0.109
STORY2	C10	COMB12	2.2	-2.87	0.51	0.34	0.009	-0.52	-0.477
STORY2	C10	COMB13	0	-3.09	0.6	0.27	0.008	0.206	0.75
STORY2	C10	COMB13	1.1	-2.97	0.56	0.32	0.008	-0.119	0.11
STORY2	C10	COMB13	2.2	-2.86	0.51	0.36	0.008	-0.489	-0.481
STORY1	C10	COMB1	0	-10.54	0.29	-0.07	0.001	-0.076	0.26
STORY1	C10	COMB1	1.375	-10.37	0.29	-0.07	0.001	0.027	-0.14
STORY1	C10	COMB1	2.75	-10.2	0.29	-0.07	0.001	0.13	-0.54
STORY1	C10	COMB2	0	-9.9	1.29	0.28	0.001	0.481	1.978
STORY1	C10	COMB2	1.375	-9.75	1.29	0.28	0.001	0.095	0.199
STORY1	C10	COMB2	2.75	-9.61	1.29	0.28	0.001	-0.29	-1.58
STORY1	C10	COMB3	0	-9.74	1.3	-0.42	-0.001	-0.627	1.99
STORY1	C10	COMB3	1.375	-9.6	1.3	-0.42	-0.001	-0.05	0.202
STORY1	C10	COMB3	2.75	-9.45	1.3	-0.42	-0.001	0.528	-1.586
STORY1	C10	COMB4	0	-6.7	-0.87	0.31	0.002	0.512	-1.603
STORY1	C10	COMB4	1.375	-6.56	-0.87	0.31	0.002	0.091	-0.41
STORY1	C10	COMB4	2.75	-6.41	-0.87	0.31	0.002	-0.33	0.783
STORY1	C10	COMB5	0	-6.54	-0.86	-0.39	0.001	-0.596	-1.591
STORY1	C10	COMB5	1.375	-6.4	-0.86	-0.39	0.001	-0.054	-0.407
STORY1	C10	COMB5	2.75	-6.25	-0.86	-0.39	0.001	0.488	0.776
STORY1	C10	COMB6	0	-8.96	0.53	1.11	0.004	1.784	0.71
STORY1	C10	COMB6	1.375	-8.82	0.53	1.11	0.004	0.263	-0.018
STORY1	C10	COMB6	2.75	-8.67	0.53	1.11	0.004	-1.259	-0.746
STORY1	C10	COMB7	0	-8	-0.12	1.11	0.004	1.794	-0.364
STORY1	C10	COMB7	1.375	-7.86	-0.12	1.11	0.004	0.262	-0.2
STORY1	C10	COMB7	2.75	-7.71	-0.12	1.11	0.004	-1.271	-0.037
STORY1	C10	COMB8	0	-8.44	0.55	-1.23	-0.003	-1.909	0.751
STORY1	C10	COMB8	1.375	-8.3	0.55	-1.23	-0.003	-0.22	-0.008
STORY1	C10	COMB8	2.75	-8.15	0.55	-1.23	-0.003	1.468	-0.767
STORY1	C10	COMB9	0	-7.48	-0.1	-1.22	-0.002	-1.899	-0.323
STORY1	C10	COMB9	1.375	-7.34	-0.1	-1.22	-0.002	-0.221	-0.191
STORY1	C10	COMB9	2.75	-7.19	-0.1	-1.22	-0.002	1.456	-0.058
STORY1	C10	COMB10	0	-8.03	0.06	-0.06	0	-0.063	0.035
STORY1	C10	COMB10	1.375	-7.89	0.14	-0.06	0	0.02	-0.101
STORY1	C10	COMB10	2.75	-7.74	0.21	-0.06	0	0.103	-0.34
STORY1	C10	COMB11	0	-8.03	0.06	-0.06	0	-0.063	0.035
STORY1	C10	COMB11	1.375	-7.89	0.14	-0.06	0	0.02	-0.101
STORY1	C10	COMB11	2.75	-7.74	0.21	-0.06	0	0.103	-0.34
STORY1	C10	COMB12	0	-8.11	0.3	-0.01	0.001	0.008	0.232
STORY1	C10	COMB12	1.375	-7.96	0.22	-0.01	0.001	0.028	-0.125
STORY1	C10	COMB12	2.75	-7.82	0.15	-0.01	0.001	0.048	-0.379
STORY1	C10	COMB13	0	-8.09	0.3	-0.09	0	-0.117	0.237
STORY1	C10	COMB13	1.375	-7.94	0.23	-0.09	0	0.011	-0.124
STORY1	C10	COMB13	2.75	-7.79	0.15	-0.09	0	0.14	-0.382
STORY1	C11	COMB1	0	-4.02	0.26	0.14	0.001	0.138	0.227
STORY1	C11	COMB1	1.375	-3.85	0.26	0.14	0.001	-0.05	-0.13
STORY1	C11	COMB1	2.75	-3.68	0.26	0.14	0.001	-0.238	-0.488
STORY1	C11	COMB2	0	-4.14	1.31	0.44	0.001	0.646	1.997
STORY1	C11	COMB2	1.375	-4	1.31	0.44	0.001	0.036	0.189
STORY1	C11	COMB2	2.75	-3.85	1.31	0.44	0.001	-0.575	-1.619
STORY1	C11	COMB3	0	-3.56	1.33	-0.23	-0.001	-0.434	2.019
STORY1	C11	COMB3	1.375	-3.41	1.33	-0.23	-0.001	-0.119	0.195
STORY1	C11	COMB3	2.75	-3.27	1.33	-0.23	-0.001	0.197	-1.628
STORY1	C11	COMB4	0	-2.77	-0.92	0.43	0.002	0.64	-1.662
STORY1	C11	COMB4	1.375	-2.63	-0.92	0.43	0.002	0.045	-0.397
STORY1	C11	COMB4	2.75	-2.48	-0.92	0.43	0.002	-0.551	0.869
STORY1	C11	COMB5	0	-2.19	-0.91	-0.24	0	-0.441	-1.641
STORY1	C11	COMB5	1.375	-2.04	-0.91	-0.24	0	-0.11	-0.39
STORY1	C11	COMB5	2.75	-1.9	-0.91	-0.24	0	0.221	0.86
STORY1	C11	COMB6	0	-4.35	0.52	1.23	0.003	1.905	0.691
STORY1	C11	COMB6	1.375	-4.2	0.52	1.23	0.003	0.219	-0.023
STORY1	C11	COMB6	2.75	-4.06	0.52	1.23	0.003	-1.467	-0.737
STORY1	C11	COMB7	0	-3.94	-0.15	1.22	0.003	1.903	-0.407
STORY1	C11	COMB7	1.375	-3.79	-0.15	1.22	0.003	0.222	-0.199
STORY1	C11	COMB7	2.75	-3.65	-0.15	1.22	0.003	-1.46	0.009
STORY1	C11	COMB8	0	-2.39	0.56	-1.02	-0.002	-1.698	0.763
STORY1	C11	COMB8	1.375	-2.25	0.56	-1.02	-0.002	-0.296	-0.003
STORY1	C11	COMB8	2.75	-2.1	0.56	-1.02	-0.002	1.106	-0.768
STORY1	C11	COMB9	0	-1.98	-0.11	-1.02	-0.002	-1.7	-0.334
STORY1	C11	COMB9	1.375	-1.84	-0.11	-1.02	-0.002	-0.293	-0.178
STORY1	C11	COMB9	2.75	-1.69	-0.11	-1.02	-0.002	1.114	-0.022
STORY1	C11	COMB10	0	-3.07	0.08	0.16	0	0.126	0.041
STORY1	C11	COMB10	1.375	-2.93	0.13	0.1	0	-0.052	-0.104
STORY1	C11	COMB10	2.75	-2.78	0.17	0.05	0	-0.159	-0.306
STORY1	C11	COMB11	0	-3.07	0.08	0.16	0	0.126	0.041
STORY1	C11	COMB11	1.375	-2.93	0.13	0.1	0	-0.052	-0.104
STORY1	C11	COMB11	2.75	-2.78	0.17	0.05	0	-0.159	-0.306
STORY1	C11	COMB12	0	-3.14	0.25	0.17	0.001	0.178	0.196
STORY1	C11	COMB12	1.375	-2.99	0.2	0.14	0.001	-0.035	-0.113
STORY1	C11	COMB12	2.75	-2.85	0.16	0.12	0.001	-0.212	-0.364
STORY1	C11	COMB13	0	-3.09	0.25	0	0	0.005	0.206
STORY1	C11	COMB13	1.375	-2.94	0.21	0.05	0	-0.029	-0.111
STORY1	C11	COMB13	2.75	-2.8	0.17	0.1	0	-0.135	-0.37
STORY1	C12	COMB1	0	-9.83	-0.25	-0.13	0.001	-0.139	-0.286
STORY1	C12	COMB1	1.375	-9.66	-0.25	-0.13	0.001	0.045	0.06
STORY1	C12	COMB1	2.75	-9.49	-0.25	-0.13	0.001	0.229	0.406
STORY1	C12	COMB2	0	-6.52	1.03	0.25	0	0.451	1.712
STORY1	C12	COMB2	1.375	-6.37	1.03	0.25	0	0.104	0.296
STORY1	C12	COMB2	2.75	-6.23	1.03	0.25	0	-0.244	-1.121
STORY1	C12	COMB3	0	-6.26	1.03	-0.45	-0.002	-0.644	1.706
STORY1	C12	COMB3	1.375	-6.12	1.03	-0.45	-0.002	-0.031	0.294
STORY1	C12	COMB3	2.75	-5.97	1.03	-0.45	-0.002	0.582	-1.118
STORY1	C12	COMB4	0	-9.13	-1.4	0.24	0.003	0.431	-2.129
STORY1	C12	COMB4	1.375	-8.99	-1.4	0.24	0.003	0.1	-0.205
STORY1	C12	COMB4	2.75	-8.84	-1.4	0.24	0.003	-0.231	1.719
STORY1	C12	COMB5	0	-8.88	-1.4	-0.46	0.001	-0.664	-2.136
STORY1	C12	COMB5	1.375	-8.73	-1.4	-0.46	0.001	-0.034	-0.207
STORY1	C12	COMB5	2.75	-8.59	-1.4	-0.46	0.001	0.595	1.722
STORY1	C12	COMB6	0	-7.72	0.18	1.06	0.003	1.722	0.375
STORY1	C12	COMB6	1.375	-7.58	0.18	1.06	0.003	0.259	0.122
STORY1	C12	COMB6	2.75	-7.43	0.18	1.06	0.003	-1.203	-0.131
STORY1	C12	COMB7	0	-8.51	-0.55	1.06	0.004	1.716	-0.778
STORY1	C12	COMB7	1.375	-8.36	-0.55	1.06	0.004	0.258	-0.028
STORY1	C12	COMB7	2.75	-8.22	-0.55	1.06	0.004	-1.199	0.721
STORY1	C12	COMB8	0	-6.89	0.17	-1.27	-0.003	-1.928	0.355
STORY1	C12	COMB8	1.375	-6.74	0.17	-1.27	-0.003	-0.189	0.117
STORY1	C12	COMB8	2.75	-6.6	0.17	-1.27	-0.003	1.551	-0.12
STORY1	C12	COMB9	0	-7.67	-0.56	-1.27	-0.002	-1.934	-0.798
STORY1	C12	COMB9	1.375	-7.53	-0.56	-1.27	-0.002	-0.19	-0.033
STORY1	C12	COMB9	2.75	-7.38	-0.56	-1.27	-0.002	1.555	0.732
STORY1	C12	COMB10	0	-7.65	-0.33	-0.1	0	-0.096	-0.373
STORY1	C12	COMB10	1.375	-7.51	-0.27	-0.1	0	0.035	0.043
STORY1	C12	COMB10	2.75	-7.36	-0.21	-0.1	0	0.166	0.378
STORY1	C12	COMB11	0	-7.65	-0.33	-0.1	0	-0.096	-0.373
STORY1	C12	COMB11	1.375	-7.51	-0.27	-0.1	0	0.035	0.043
STORY1	C12	COMB11	2.75	-7.36	-0.21	-0.1	0	0.166	0.378
STORY1	C12	COMB12	0	-7.56	-0.32	-0.06	0.001	-0.047	-0.278
STORY1	C12	COMB12	1.375	-7.41	-0.2	-0.06	0.001	0.042	0.077
STORY1	C12	COMB12	2.75	-7.27	-0.08	-0.06	0.001	0.13	0.271
STORY1	C12	COMB13	0	-7.54	-0.32	-0.14	0	-0.162	-0.281
STORY1	C12	COMB13	1.375	-7.4	-0.2	-0.14	0	0.027	0.077
STORY1	C12	COMB13	2.75	-7.25	-0.08	-0.14	0	0.216	0.273
STORY1	C13	COMB1	0	-9.06	-0.24	0.16	0.001	0.157	-0.274
STORY1	C13	COMB1	1.375	-8.89	-0.24	0.16	0.001	-0.062	0.053
STORY1	C13	COMB1	2.75	-8.72	-0.24	0.16	0.001	-0.281	0.38
STORY1	C13	COMB2	0	-5.71	1.03	0.48	0.001	0.677	1.713
STORY1	C13	COMB2	1.375	-5.57	1.03	0.48	0.001	0.021	0.294
STORY1	C13	COMB2	2.75	-5.42	1.03	0.48	0.001	-0.634	-1.124
STORY1	C13	COMB3	0	-6.07	1.04	-0.23	-0.001	-0.423	1.726
STORY1	C13	COMB3	1.375	-5.92	1.04	-0.23	-0.001	-0.111	0.296
STORY1	C13	COMB3	2.75	-5.77	1.04	-0.23	-0.001	0.2	-1.133
STORY1	C13	COMB4	0	-8.09	-1.39	0.47	0.002	0.668	-2.13
STORY1	C13	COMB4	1.375	-7.95	-1.39	0.47	0.002	0.016	-0.22
STORY1	C13	COMB4	2.75	-7.8	-1.39	0.47	0.002	-0.636	1.691
STORY1	C13	COMB5	0	-8.45	-1.38	-0.23	0	-0.432	-2.116
STORY1	C13	COMB5	1.375	-8.3	-1.38	-0.23	0	-0.117	-0.217
STORY1	C13	COMB5	2.75	-8.16	-1.38	-0.23	0	0.198	1.682
STORY1	C13	COMB6	0	-6.13	0.17	1.3	0.003	1.957	0.352
STORY1	C13	COMB6	1.375	-5.99	0.17	1.3	0.003	0.174	0.111
STORY1	C13	COMB6	2.75	-5.84	0.17	1.3	0.003	-1.608	-0.129
STORY1	C13	COMB7	0	-6.85	-0.55	1.3	0.004	1.954	-0.801
STORY1	C13	COMB7	1.375	-6.7	-0.55	1.3	0.004	0.173	-0.043
STORY1	C13	COMB7	2.75	-6.56	-0.55	1.3	0.004	-1.609	0.715
STORY1	C13	COMB8	0	-7.31	0.2	-1.05	-0.003	-1.71	0.397
STORY1	C13	COMB8	1.375	-7.16	0.2	-1.05	-0.003	-0.268	0.12
STORY1	C13	COMB8	2.75	-7.02	0.2	-1.05	-0.003	1.173	-0.158
STORY1	C13	COMB9	0	-8.02	-0.52	-1.05	-0.002	-1.712	-0.756
STORY1	C13	COMB9	1.375	-7.88	-0.52	-1.05	-0.002	-0.27	-0.035
STORY1	C13	COMB9	2.75	-7.73	-0.52	-1.05	-0.002	1.173	0.686
STORY1	C13	COMB10	0	-7.03	-0.31	0.13	0	0.128	-0.35
STORY1	C13	COMB10	1.375	-6.89	-0.25	0.13	0	-0.046	0.037
STORY1	C13	COMB10	2.75	-6.74	-0.2	0.13	0	-0.219	0.349
STORY1	C13	COMB11	0	-7.03	-0.31	0.13	0	0.128	-0.35
STORY1	C13	COMB11	1.375	-6.89	-0.25	0.13	0	-0.046	0.037
STORY1	C13	COMB11	2.75	-6.74	-0.2	0.13	0	-0.219	0.349
STORY1	C13	COMB12	0	-6.94	-0.3	0.16	0.001	0.178	-0.267
STORY1	C13	COMB12	1.375	-6.79	-0.19	0.16	0.001	-0.04	0.068
STORY1	C13	COMB12	2.75	-6.64	-0.08	0.16	0.001	-0.258	0.255
STORY1	C13	COMB13	0	-6.96	-0.29	0.09	0	0.063	-0.262
STORY1	C13	COMB13	1.375	-6.81	-0.19	0.09	0	-0.054	0.069
STORY1	C13	COMB13	2.75	-6.67	-0.08	0.09	0	-0.172	0.25
STORY1	C14	COMB1	0	-3.34	-0.16	0.09	0.001	0.087	-0.197
STORY1	C14	COMB1	1.375	-3.17	-0.16	0.09	0.001	-0.037	0.023
STORY1	C14	COMB1	2.75	-3	-0.16	0.09	0.001	-0.16	0.242
STORY1	C14	COMB2	0	-2.09	1.03	0.39	0.001	0.592	1.705
STORY1	C14	COMB2	1.375	-1.94	1.03	0.39	0.001	0.051	0.295
STORY1	C14	COMB2	2.75	-1.79	1.03	0.39	0.001	-0.49	-1.115
STORY1	C14	COMB3	0	-1.55	1.05	-0.25	-0.001	-0.45	1.737
STORY1	C14	COMB3	1.375	-1.4	1.05	-0.25	-0.001	-0.102	0.297
STORY1	C14	COMB3	2.75	-1.26	1.05	-0.25	-0.001	0.247	-1.143
STORY1	C14	COMB4	0	-3.86	-1.29	0.39	0.002	0.587	-2.037
STORY1	C14	COMB4	1.375	-3.72	-1.29	0.39	0.002	0.045	-0.261
STORY1	C14	COMB4	2.75	-3.57	-1.29	0.39	0.002	-0.497	1.515
STORY1	C14	COMB5	0	-3.33	-1.27	-0.25	0	-0.456	-2.004
STORY1	C14	COMB5	1.375	-3.18	-1.27	-0.25	0	-0.108	-0.259
STORY1	C14	COMB5	2.75	-3.04	-1.27	-0.25	0	0.24	1.487
STORY1	C14	COMB6	0	-3.33	0.19	1.15	0.004	1.807	0.357
STORY1	C14	COMB6	1.375	-3.19	0.19	1.15	0.004	0.228	0.097
STORY1	C14	COMB6	2.75	-3.04	0.19	1.15	0.004	-1.351	-0.163
STORY1	C14	COMB7	0	-3.87	-0.51	1.15	0.004	1.805	-0.765
STORY1	C14	COMB7	1.375	-3.72	-0.51	1.15	0.004	0.226	-0.07
STORY1	C14	COMB7	2.75	-3.58	-0.51	1.15	0.004	-1.353	0.626
STORY1	C14	COMB8	0	-1.55	0.26	-1.01	-0.003	-1.669	0.466
STORY1	C14	COMB8	1.375	-1.4	0.26	-1.01	-0.003	-0.283	0.106
STORY1	C14	COMB8	2.75	-1.26	0.26	-1.01	-0.003	1.103	-0.254
STORY1	C14	COMB9	0	-2.08	-0.43	-1.01	-0.003	-1.67	-0.657
STORY1	C14	COMB9	1.375	-1.93	-0.43	-1.01	-0.003	-0.285	-0.061
STORY1	C14	COMB9	2.75	-1.79	-0.43	-1.01	-0.003	1.101	0.535
STORY1	C14	COMB10	0	-2.73	-0.21	0.12	-0.001	0.101	-0.271
STORY1	C14	COMB10	1.375	-2.59	-0.19	0.08	-0.001	-0.039	0.008
STORY1	C14	COMB10	2.75	-2.44	-0.17	0.04	-0.001	-0.123	0.257
STORY1	C14	COMB11	0	-2.73	-0.21	0.12	-0.001	0.101	-0.271
STORY1	C14	COMB11	1.375	-2.59	-0.19	0.08	-0.001	-0.039	0.008
STORY1	C14	COMB11	2.75	-2.44	-0.17	0.04	-0.001	-0.123	0.257
STORY1	C14	COMB12	0	-2.7	-0.17	0.13	0.001	0.135	-0.181
STORY1	C14	COMB12	1.375	-2.56	-0.13	0.11	0.001	-0.026	0.029
STORY1	C14	COMB12	2.75	-2.41	-0.09	0.09	0.001	-0.159	0.181
STORY1	C14	COMB13	0	-2.65	-0.17	-0.01	0	-0.014	-0.169
STORY1	C14	COMB13	1.375	-2.51	-0.12	0.03	0	-0.024	0.031
STORY1	C14	COMB13	2.75	-2.36	-0.08	0.07	0	-0.089	0.173
STORY2	C15	COMB1	0	-4.37	-0.63	0.78	0.011	0.834	-0.721
STORY2	C15	COMB1	1.1	-4.23	-0.63	0.78	0.011	-0.022	-0.024
STORY2	C15	COMB1	2.2	-4.09	-0.63	0.78	0.011	-0.877	0.674
STORY2	C15	COMB2	0	-3.04	0.39	0.77	0.015	0.856	0.581
STORY2	C15	COMB2	1.1	-2.92	0.39	0.77	0.015	0.008	0.155
STORY2	C15	COMB2	2.2	-2.81	0.39	0.77	0.015	-0.84	-0.272
STORY2	C15	COMB3	0	-2.67	0.44	0.32	0.009	0.301	0.651
STORY2	C15	COMB3	1.1	-2.55	0.44	0.32	0.009	-0.057	0.164
STORY2	C15	COMB3	2.2	-2.44	0.44	0.32	0.009	-0.414	-0.323
STORY2	C15	COMB4	0	-4.26	-1.42	0.86	0.009	0.972	-1.755
STORY2	C15	COMB4	1.1	-4.14	-1.42	0.86	0.009	0.02	-0.189
STORY2	C15	COMB4	2.2	-4.02	-1.42	0.86	0.009	-0.931	1.377
STORY2	C15	COMB5	0	-3.88	-1.37	0.42	0.002	0.417	-1.686
STORY2	C15	COMB5	1.1	-3.77	-1.37	0.42	0.002	-0.044	-0.18
STORY2	C15	COMB5	2.2	-3.65	-1.37	0.42	0.002	-0.504	1.325
STORY2	C15	COMB6	0	-3.9	-0.31	1.32	0.02	1.544	-0.317
STORY2	C15	COMB6	1.1	-3.78	-0.31	1.32	0.02	0.087	0.024
STORY2	C15	COMB6	2.2	-3.66	-0.31	1.32	0.02	-1.369	0.366
STORY2	C15	COMB7	0	-4.26	-0.85	1.35	0.018	1.578	-1.018
STORY2	C15	COMB7	1.1	-4.15	-0.85	1.35	0.018	0.091	-0.079
STORY2	C15	COMB7	2.2	-4.03	-0.85	1.35	0.018	-1.397	0.86
STORY2	C15	COMB8	0	-2.66	-0.13	-0.16	-0.001	-0.306	-0.086
STORY2	C15	COMB8	1.1	-2.54	-0.13	-0.16	-0.001	-0.127	0.054
STORY2	C15	COMB8	2.2	-2.43	-0.13	-0.16	-0.001	0.052	0.193
STORY2	C15	COMB9	0	-3.03	-0.67	-0.13	-0.003	-0.271	-0.787
STORY2	C15	COMB9	1.1	-2.91	-0.67	-0.13	-0.003	-0.123	-0.049
STORY2	C15	COMB9	2.2	-2.79	-0.67	-0.13	-0.003	0.025	0.688
STORY2	C15	COMB10	0	-3.42	-0.55	0.64	0.008	0.65	-0.613
STORY2	C15	COMB10	1.1	-3.3	-0.53	0.59	0.008	-0.028	-0.02
STORY2	C15	COMB10	2.2	-3.19	-0.52	0.55	0.008	-0.659	0.556
STORY2	C15	COMB11	0	-3.42	-0.55	0.64	0.008	0.65	-0.613
STORY2	C15	COMB11	1.1	-3.3	-0.53	0.59	0.008	-0.028	-0.02
STORY2	C15	COMB11	2.2	-3.19	-0.52	0.55	0.008	-0.659	0.556
STORY2	C15	COMB12	0	-3.41	-0.53	0.63	0.009	0.657	-0.566
STORY2	C15	COMB12	1.1	-3.29	-0.49	0.61	0.009	-0.02	-0.006
STORY2	C15	COMB12	2.2	-3.18	-0.46	0.58	0.009	-0.675	0.518
STORY2	C15	COMB13	0	-3.39	-0.52	0.52	0.008	0.588	-0.56
STORY2	C15	COMB13	1.1	-3.28	-0.49	0.56	0.008	-0.007	-0.005
STORY2	C15	COMB13	2.2	-3.16	-0.46	0.6	0.008	-0.647	0.514
STORY1	C15	COMB1	0	-23.82	-0.16	0.15	0.001	0.15	-0.192
STORY1	C15	COMB1	1.375	-23.65	-0.16	0.15	0.001	-0.057	0.023
STORY1	C15	COMB1	2.75	-23.48	-0.16	0.15	0.001	-0.264	0.238
STORY1	C15	COMB2	0	-17.17	1.14	0.45	0.001	0.652	1.821
STORY1	C15	COMB2	1.375	-17.02	1.14	0.45	0.001	0.032	0.255
STORY1	C15	COMB2	2.75	-16.88	1.14	0.45	0.001	-0.589	-1.311
STORY1	C15	COMB3	0	-17.09	1.15	-0.25	-0.001	-0.448	1.835
STORY1	C15	COMB3	1.375	-16.95	1.15	-0.25	-0.001	-0.108	0.257
STORY1	C15	COMB3	2.75	-16.8	1.15	-0.25	-0.001	0.233	-1.32
STORY1	C15	COMB4	0	-18.97	-1.38	0.48	0.002	0.676	-2.125
STORY1	C15	COMB4	1.375	-18.83	-1.38	0.48	0.002	0.021	-0.222
STORY1	C15	COMB4	2.75	-18.68	-1.38	0.48	0.002	-0.633	1.681
STORY1	C15	COMB5	0	-18.9	-1.38	-0.22	0	-0.425	-2.112
STORY1	C15	COMB5	1.375	-18.76	-1.38	-0.22	0	-0.118	-0.219
STORY1	C15	COMB5	2.75	-18.61	-1.38	-0.22	0	0.189	1.673
STORY1	C15	COMB6	0	-17.89	0.25	1.28	0.003	1.944	0.425
STORY1	C15	COMB6	1.375	-17.74	0.25	1.28	0.003	0.191	0.085
STORY1	C15	COMB6	2.75	-17.6	0.25	1.28	0.003	-1.563	-0.254
STORY1	C15	COMB7	0	-18.43	-0.51	1.28	0.004	1.951	-0.759
STORY1	C15	COMB7	1.375	-18.28	-0.51	1.28	0.004	0.188	-0.058
STORY1	C15	COMB7	2.75	-18.14	-0.51	1.28	0.004	-1.576	0.644
STORY1	C15	COMB8	0	-17.64	0.27	-1.05	-0.003	-1.723	0.469
STORY1	C15	COMB8	1.375	-17.5	0.27	-1.05	-0.003	-0.274	0.094
STORY1	C15	COMB8	2.75	-17.35	0.27	-1.05	-0.003	1.176	-0.282
STORY1	C15	COMB9	0	-18.18	-0.48	-1.05	-0.002	-1.716	-0.715
STORY1	C15	COMB9	1.375	-18.04	-0.48	-1.05	-0.002	-0.277	-0.049
STORY1	C15	COMB9	2.75	-17.89	-0.48	-1.05	-0.002	1.162	0.616
STORY1	C15	COMB10	0	-17.78	-0.2	0.11	0	0.114	-0.268
STORY1	C15	COMB10	1.375	-17.64	-0.2	0.11	0	-0.042	0.003
STORY1	C15	COMB10	2.75	-17.49	-0.2	0.11	0	-0.198	0.274
STORY1	C15	COMB11	0	-17.78	-0.2	0.11	0	0.114	-0.268
STORY1	C15	COMB11	1.375	-17.64	-0.2	0.11	0	-0.042	0.003
STORY1	C15	COMB11	2.75	-17.49	-0.2	0.11	0	-0.198	0.274
STORY1	C15	COMB12	0	-17.76	-0.12	0.15	0.001	0.173	-0.148
STORY1	C15	COMB12	1.375	-17.62	-0.12	0.15	0.001	-0.035	0.017
STORY1	C15	COMB12	2.75	-17.47	-0.12	0.15	0.001	-0.244	0.182
STORY1	C15	COMB13	0	-17.75	-0.12	0.08	0	0.055	-0.142
STORY1	C15	COMB13	1.375	-17.6	-0.12	0.08	0	-0.051	0.018
STORY1	C15	COMB13	2.75	-17.46	-0.12	0.08	0	-0.157	0.178
STORY1	C16	COMB1	0	-8.25	-0.17	0.16	0.001	0.159	-0.204
STORY1	C16	COMB1	1.375	-8.08	-0.17	0.16	0.001	-0.061	0.025
STORY1	C16	COMB1	2.75	-7.91	-0.17	0.16	0.001	-0.28	0.254
STORY1	C16	COMB2	0	-7.06	1.17	0.46	0.001	0.661	1.85
STORY1	C16	COMB2	1.375	-6.91	1.17	0.46	0.001	0.028	0.243
STORY1	C16	COMB2	2.75	-6.77	1.17	0.46	0.001	-0.605	-1.364
STORY1	C16	COMB3	0	-6.39	1.19	-0.22	-0.001	-0.421	1.88
STORY1	C16	COMB3	1.375	-6.24	1.19	-0.22	-0.001	-0.117	0.246
STORY1	C16	COMB3	2.75	-6.1	1.19	-0.22	-0.001	0.187	-1.388
STORY1	C16	COMB4	0	-6.51	-1.44	0.45	0.002	0.654	-2.189
STORY1	C16	COMB4	1.375	-6.36	-1.44	0.45	0.002	0.029	-0.206
STORY1	C16	COMB4	2.75	-6.21	-1.44	0.45	0.002	-0.595	1.777
STORY1	C16	COMB5	0	-5.84	-1.42	-0.23	0	-0.429	-2.159
STORY1	C16	COMB5	1.375	-5.69	-1.42	-0.23	0	-0.116	-0.203
STORY1	C16	COMB5	2.75	-5.54	-1.42	-0.23	0	0.197	1.753
STORY1	C16	COMB6	0	-7.65	0.23	1.25	0.003	1.922	0.4
STORY1	C16	COMB6	1.375	-7.5	0.23	1.25	0.003	0.198	0.082
STORY1	C16	COMB6	2.75	-7.36	0.23	1.25	0.003	-1.526	-0.237
STORY1	C16	COMB7	0	-7.48	-0.55	1.25	0.004	1.92	-0.811
STORY1	C16	COMB7	1.375	-7.34	-0.55	1.25	0.004	0.199	-0.053
STORY1	C16	COMB7	2.75	-7.19	-0.55	1.25	0.004	-1.523	0.705
STORY1	C16	COMB8	0	-5.41	0.3	-1.02	-0.003	-1.688	0.502
STORY1	C16	COMB8	1.375	-5.27	0.3	-1.02	-0.003	-0.287	0.093
STORY1	C16	COMB8	2.75	-5.12	0.3	-1.02	-0.003	1.114	-0.317
STORY1	C16	COMB9	0	-5.25	-0.49	-1.02	-0.002	-1.69	-0.71
STORY1	C16	COMB9	1.375	-5.1	-0.49	-1.02	-0.002	-0.286	-0.042
STORY1	C16	COMB9	2.75	-4.96	-0.49	-1.02	-0.002	1.117	0.626
STORY1	C16	COMB10	0	-6.31	-0.2	0.22	0	0.171	-0.27
STORY1	C16	COMB10	1.375	-6.17	-0.2	0.13	0	-0.069	0.006
STORY1	C16	COMB10	2.75	-6.02	-0.2	0.04	0	-0.183	0.282
STORY1	C16	COMB11	0	-6.31	-0.2	0.22	0	0.171	-0.27
STORY1	C16	COMB11	1.375	-6.17	-0.2	0.13	0	-0.069	0.006
STORY1	C16	COMB11	2.75	-6.02	-0.2	0.04	0	-0.183	0.282
STORY1	C16	COMB12	0	-6.39	-0.13	0.2	0.001	0.2	-0.159
STORY1	C16	COMB12	1.375	-6.25	-0.13	0.16	0.001	-0.048	0.019
STORY1	C16	COMB12	2.75	-6.1	-0.13	0.11	0.001	-0.233	0.197
STORY1	C16	COMB13	0	-6.35	-0.12	-0.03	0	-0.003	-0.147
STORY1	C16	COMB13	1.375	-6.2	-0.12	0.06	0	-0.024	0.02
STORY1	C16	COMB13	2.75	-6.05	-0.12	0.15	0	-0.17	0.187
STORY1	C17	COMB1	0	-23.01	-0.12	-0.16	0.001	-0.166	-0.148
STORY1	C17	COMB1	1.375	-22.84	-0.12	-0.16	0.001	0.057	0.011
STORY1	C17	COMB1	2.75	-22.67	-0.12	-0.16	0.001	0.28	0.17
STORY1	C17	COMB2	0	-16.71	1.18	0.25	0	0.451	1.868
STORY1	C17	COMB2	1.375	-16.56	1.18	0.25	0	0.104	0.239
STORY1	C17	COMB2	2.75	-16.42	1.18	0.25	0	-0.243	-1.39
STORY1	C17	COMB3	0	-16.3	1.18	-0.47	-0.002	-0.677	1.861
STORY1	C17	COMB3	1.375	-16.15	1.18	-0.47	-0.002	-0.025	0.238
STORY1	C17	COMB3	2.75	-16.01	1.18	-0.47	-0.002	0.628	-1.384
STORY1	C17	COMB4	0	-18.47	-1.35	0.23	0.003	0.431	-2.078
STORY1	C17	COMB4	1.375	-18.33	-1.35	0.23	0.003	0.11	-0.224
STORY1	C17	COMB4	2.75	-18.18	-1.35	0.23	0.003	-0.212	1.63
STORY1	C17	COMB5	0	-18.06	-1.35	-0.49	0.001	-0.698	-2.085
STORY1	C17	COMB5	1.375	-17.91	-1.35	-0.49	0.001	-0.019	-0.225
STORY1	C17	COMB5	2.75	-17.77	-1.35	-0.49	0.001	0.659	1.635
STORY1	C17	COMB6	0	-17.81	0.3	1.09	0.003	1.761	0.496
STORY1	C17	COMB6	1.375	-17.66	0.3	1.09	0.003	0.257	0.078
STORY1	C17	COMB6	2.75	-17.52	0.3	1.09	0.003	-1.248	-0.339
STORY1	C17	COMB7	0	-18.34	-0.46	1.09	0.004	1.755	-0.688
STORY1	C17	COMB7	1.375	-18.19	-0.46	1.09	0.004	0.258	-0.061
STORY1	C17	COMB7	2.75	-18.04	-0.46	1.09	0.004	-1.238	0.567
STORY1	C17	COMB8	0	-16.43	0.29	-1.33	-0.003	-2.001	0.472
STORY1	C17	COMB8	1.375	-16.29	0.29	-1.33	-0.003	-0.173	0.075
STORY1	C17	COMB8	2.75	-16.14	0.29	-1.33	-0.003	1.654	-0.321
STORY1	C17	COMB9	0	-16.96	-0.47	-1.34	-0.002	-2.008	-0.712
STORY1	C17	COMB9	1.375	-16.81	-0.47	-1.34	-0.002	-0.172	-0.064
STORY1	C17	COMB9	2.75	-16.67	-0.47	-1.34	-0.002	1.664	0.585
STORY1	C17	COMB10	0	-17.14	-0.17	-0.12	0	-0.121	-0.245
STORY1	C17	COMB10	1.375	-17	-0.17	-0.12	0	0.042	-0.008
STORY1	C17	COMB10	2.75	-16.85	-0.17	-0.12	0	0.205	0.229
STORY1	C17	COMB11	0	-17.14	-0.17	-0.12	0	-0.121	-0.245
STORY1	C17	COMB11	1.375	-17	-0.17	-0.12	0	0.042	-0.008
STORY1	C17	COMB11	2.75	-16.85	-0.17	-0.12	0	0.205	0.229
STORY1	C17	COMB12	0	-17.14	-0.08	-0.08	0.001	-0.06	-0.108
STORY1	C17	COMB12	1.375	-16.99	-0.08	-0.08	0.001	0.049	0.008
STORY1	C17	COMB12	2.75	-16.85	-0.08	-0.08	0.001	0.158	0.124
STORY1	C17	COMB13	0	-17.1	-0.09	-0.16	0	-0.183	-0.111
STORY1	C17	COMB13	1.375	-16.96	-0.09	-0.16	0	0.035	0.007
STORY1	C17	COMB13	2.75	-16.81	-0.09	-0.16	0	0.252	0.126
STORY2	C18	COMB1	0	-9.07	0.8	-0.08	0.011	-0.213	0.886
STORY2	C18	COMB1	1.1	-8.94	0.8	-0.08	0.011	-0.123	0.001
STORY2	C18	COMB1	2.2	-8.8	0.8	-0.08	0.011	-0.033	-0.884
STORY2	C18	COMB2	0	-7.95	1.31	0.25	0.015	0.217	1.432
STORY2	C18	COMB2	1.1	-7.83	1.31	0.25	0.015	-0.058	-0.005
STORY2	C18	COMB2	2.2	-7.72	1.31	0.25	0.015	-0.333	-1.442
STORY2	C18	COMB3	0	-8.02	1.32	-0.36	0.009	-0.545	1.446
STORY2	C18	COMB3	1.1	-7.91	1.32	-0.36	0.009	-0.154	-0.002
STORY2	C18	COMB3	2.2	-7.79	1.32	-0.36	0.009	0.238	-1.451
STORY2	C18	COMB4	0	-6.45	-0.09	0.23	0.009	0.209	-0.127
STORY2	C18	COMB4	1.1	-6.33	-0.09	0.23	0.009	-0.041	-0.026
STORY2	C18	COMB4	2.2	-6.22	-0.09	0.23	0.009	-0.29	0.074
STORY2	C18	COMB5	0	-6.52	-0.08	-0.38	0.003	-0.553	-0.113
STORY2	C18	COMB5	1.1	-6.4	-0.08	-0.38	0.003	-0.136	-0.023
STORY2	C18	COMB5	2.2	-6.29	-0.08	-0.38	0.003	0.28	0.066
STORY2	C18	COMB6	0	-7.34	0.81	0.95	0.02	1.103	0.869
STORY2	C18	COMB6	1.1	-7.22	0.81	0.95	0.02	0.06	-0.016
STORY2	C18	COMB6	2.2	-7.11	0.81	0.95	0.02	-0.983	-0.902
STORY2	C18	COMB7	0	-6.89	0.39	0.94	0.018	1.101	0.402
STORY2	C18	COMB7	1.1	-6.77	0.39	0.94	0.018	0.065	-0.023
STORY2	C18	COMB7	2.2	-6.66	0.39	0.94	0.018	-0.97	-0.447
STORY2	C18	COMB8	0	-7.58	0.84	-1.07	-0.001	-1.437	0.917
STORY2	C18	COMB8	1.1	-7.46	0.84	-1.07	-0.001	-0.259	-0.006
STORY2	C18	COMB8	2.2	-7.35	0.84	-1.07	-0.001	0.918	-0.929
STORY2	C18	COMB9	0	-7.13	0.42	-1.08	-0.003	-1.439	0.45
STORY2	C18	COMB9	1.1	-7.01	0.42	-1.08	-0.003	-0.254	-0.012
STORY2	C18	COMB9	2.2	-6.9	0.42	-1.08	-0.003	0.931	-0.474
STORY2	C18	COMB10	0	-7.04	0.45	-0.06	0.008	-0.166	0.57
STORY2	C18	COMB10	1.1	-6.92	0.55	-0.06	0.008	-0.095	0.019
STORY2	C18	COMB10	2.2	-6.81	0.64	-0.06	0.008	-0.024	-0.636
STORY2	C18	COMB11	0	-7.04	0.45	-0.06	0.008	-0.166	0.57
STORY2	C18	COMB11	1.1	-6.92	0.55	-0.06	0.008	-0.095	0.019
STORY2	C18	COMB11	2.2	-6.81	0.64	-0.06	0.008	-0.024	-0.636
STORY2	C18	COMB12	0	-7.05	0.71	-0.04	0.009	-0.136	0.695
STORY2	C18	COMB12	1.1	-6.93	0.62	-0.04	0.009	-0.091	-0.036
STORY2	C18	COMB12	2.2	-6.82	0.52	-0.04	0.009	-0.046	-0.664
STORY2	C18	COMB13	0	-7.05	0.71	-0.09	0.008	-0.196	0.696
STORY2	C18	COMB13	1.1	-6.94	0.62	-0.09	0.008	-0.1	-0.036
STORY2	C18	COMB13	2.2	-6.82	0.52	-0.09	0.008	-0.004	-0.665
STORY2	C21	COMB1	0	-8.14	-0.69	-0.17	0.011	-0.079	-0.595
STORY2	C21	COMB1	1.1	-8	-0.69	-0.17	0.011	0.107	0.161
STORY2	C21	COMB1	2.2	-7.87	-0.69	-0.17	0.011	0.292	0.918
STORY2	C21	COMB2	0	-5.89	0.39	0.17	0.015	0.306	0.713
STORY2	C21	COMB2	1.1	-5.77	0.39	0.17	0.015	0.12	0.289
STORY2	C21	COMB2	2.2	-5.66	0.39	0.17	0.015	-0.066	-0.135
STORY2	C21	COMB3	0	-5.76	0.37	-0.4	0.008	-0.415	0.694
STORY2	C21	COMB3	1.1	-5.65	0.37	-0.4	0.008	0.024	0.281
STORY2	C21	COMB3	2.2	-5.53	0.37	-0.4	0.008	0.464	-0.131
STORY2	C21	COMB4	0	-7.05	-1.44	0.15	0.009	0.302	-1.601
STORY2	C21	COMB4	1.1	-6.94	-1.44	0.15	0.009	0.135	-0.018
STORY2	C21	COMB4	2.2	-6.82	-1.44	0.15	0.009	-0.031	1.565
STORY2	C21	COMB5	0	-6.93	-1.45	-0.42	0.002	-0.419	-1.62
STORY2	C21	COMB5	1.1	-6.81	-1.45	-0.42	0.002	0.04	-0.026
STORY2	C21	COMB5	2.2	-6.69	-1.45	-0.42	0.002	0.499	1.569
STORY2	C21	COMB6	0	-6.45	-0.24	0.83	0.02	1.146	-0.074
STORY2	C21	COMB6	1.1	-6.33	-0.24	0.83	0.02	0.237	0.19
STORY2	C21	COMB6	2.2	-6.21	-0.24	0.83	0.02	-0.672	0.455
STORY2	C21	COMB7	0	-6.8	-0.79	0.82	0.018	1.144	-0.768
STORY2	C21	COMB7	1.1	-6.68	-0.79	0.82	0.018	0.241	0.098
STORY2	C21	COMB7	2.2	-6.56	-0.79	0.82	0.018	-0.662	0.965
STORY2	C21	COMB8	0	-6.02	-0.28	-1.07	-0.001	-1.257	-0.139
STORY2	C21	COMB8	1.1	-5.9	-0.28	-1.07	-0.001	-0.082	0.165
STORY2	C21	COMB8	2.2	-5.79	-0.28	-1.07	-0.001	1.094	0.469
STORY2	C21	COMB9	0	-6.37	-0.82	-1.07	-0.003	-1.259	-0.833
STORY2	C21	COMB9	1.1	-6.25	-0.82	-1.07	-0.003	-0.077	0.073
STORY2	C21	COMB9	2.2	-6.14	-0.82	-1.07	-0.003	1.105	0.979
STORY2	C21	COMB10	0	-6.29	-0.61	-0.12	0.008	-0.054	-0.525
STORY2	C21	COMB10	1.1	-6.17	-0.58	-0.12	0.008	0.079	0.125
STORY2	C21	COMB10	2.2	-6.06	-0.54	-0.12	0.008	0.212	0.741
STORY2	C21	COMB11	0	-6.29	-0.61	-0.12	0.008	-0.054	-0.525
STORY2	C21	COMB11	1.1	-6.17	-0.58	-0.12	0.008	0.079	0.125
STORY2	C21	COMB11	2.2	-6.06	-0.54	-0.12	0.008	0.212	0.741
STORY2	C21	COMB12	0	-6.26	-0.59	-0.1	0.009	-0.029	-0.476
STORY2	C21	COMB12	1.1	-6.15	-0.53	-0.1	0.009	0.082	0.143
STORY2	C21	COMB12	2.2	-6.03	-0.47	-0.1	0.009	0.194	0.694
STORY2	C21	COMB13	0	-6.26	-0.6	-0.15	0.008	-0.086	-0.478
STORY2	C21	COMB13	1.1	-6.15	-0.53	-0.15	0.008	0.075	0.143
STORY2	C21	COMB13	2.2	-6.03	-0.47	-0.15	0.008	0.235	0.695
STORY2	C22	COMB1	0	-2.66	-0.41	-0.39	0.011	-0.581	-0.398
STORY2	C22	COMB1	1.1	-2.52	-0.41	-0.39	0.011	-0.151	0.051
STORY2	C22	COMB1	2.2	-2.38	-0.41	-0.39	0.011	0.278	0.501
STORY2	C22	COMB2	0	-1.89	0.59	0.01	0.014	-0.05	0.873
STORY2	C22	COMB2	1.1	-1.78	0.59	0.01	0.014	-0.056	0.222
STORY2	C22	COMB2	2.2	-1.66	0.59	0.01	0.014	-0.063	-0.429
STORY2	C22	COMB3	0	-2.02	0.6	-0.57	0.008	-0.775	0.884
STORY2	C22	COMB3	1.1	-1.91	0.6	-0.57	0.008	-0.151	0.224
STORY2	C22	COMB3	2.2	-1.79	0.6	-0.57	0.008	0.472	-0.437
STORY2	C22	COMB4	0	-2.51	-1.24	-0.03	0.009	-0.103	-1.485
STORY2	C22	COMB4	1.1	-2.39	-1.24	-0.03	0.009	-0.075	-0.124
STORY2	C22	COMB4	2.2	-2.28	-1.24	-0.03	0.009	-0.047	1.237
STORY2	C22	COMB5	0	-2.64	-1.23	-0.6	0.003	-0.828	-1.474
STORY2	C22	COMB5	1.1	-2.52	-1.23	-0.6	0.003	-0.17	-0.123
STORY2	C22	COMB5	2.2	-2.41	-1.23	-0.6	0.003	0.488	1.229
STORY2	C22	COMB6	0	-1.96	-0.06	0.66	0.02	0.778	0.035
STORY2	C22	COMB6	1.1	-1.84	-0.06	0.66	0.02	0.048	0.099
STORY2	C22	COMB6	2.2	-1.72	-0.06	0.66	0.02	-0.682	0.163
STORY2	C22	COMB7	0	-2.14	-0.61	0.65	0.018	0.762	-0.672
STORY2	C22	COMB7	1.1	-2.03	-0.61	0.65	0.018	0.043	-0.005
STORY2	C22	COMB7	2.2	-1.91	-0.61	0.65	0.018	-0.677	0.663
STORY2	C22	COMB8	0	-2.39	-0.03	-1.25	-0.001	-1.639	0.072
STORY2	C22	COMB8	1.1	-2.28	-0.03	-1.25	-0.001	-0.269	0.104
STORY2	C22	COMB8	2.2	-2.16	-0.03	-1.25	-0.001	1.101	0.136
STORY2	C22	COMB9	0	-2.58	-0.58	-1.26	-0.003	-1.655	-0.636
STORY2	C22	COMB9	1.1	-2.46	-0.58	-1.26	-0.003	-0.274	0
STORY2	C22	COMB9	2.2	-2.34	-0.58	-1.26	-0.003	1.106	0.636
STORY2	C22	COMB10	0	-2.21	-0.4	-0.29	0.008	-0.431	-0.378
STORY2	C22	COMB10	1.1	-2.09	-0.37	-0.29	0.008	-0.111	0.042
STORY2	C22	COMB10	2.2	-1.98	-0.34	-0.29	0.008	0.208	0.429
STORY2	C22	COMB11	0	-2.21	-0.4	-0.29	0.008	-0.431	-0.378
STORY2	C22	COMB11	1.1	-2.09	-0.37	-0.29	0.008	-0.111	0.042
STORY2	C22	COMB11	2.2	-1.98	-0.34	-0.29	0.008	0.208	0.429
STORY2	C22	COMB12	0	-2.19	-0.39	-0.27	0.009	-0.404	-0.328
STORY2	C22	COMB12	1.1	-2.07	-0.32	-0.27	0.009	-0.108	0.062
STORY2	C22	COMB12	2.2	-1.96	-0.26	-0.27	0.009	0.188	0.384
STORY2	C22	COMB13	0	-2.19	-0.38	-0.31	0.008	-0.462	-0.327
STORY2	C22	COMB13	1.1	-2.07	-0.32	-0.31	0.008	-0.116	0.062
STORY2	C22	COMB13	2.2	-1.95	-0.26	-0.31	0.008	0.23	0.383
